diff_poisson_abs	diff_poisson	control	group
0.6548246153846153	0.0040584615384615325	phylo	medium
