fit_score	Estimate	SE	control	group
elpd_loo	-122.65316834743851	13.3388509328416	none	medium
p_loo	19.109153057898546	5.600087653630003	none	medium
looic	245.30633669487702	26.6777018656832	none	medium
