diff_poisson_abs	diff_poisson	control	group
1.1771815384615385	0.0037384615384614787	none	medium
