fit_score	Estimate	SE	control	group
elpd_waic	-119.21977157981352	12.54665351193527	none	medium
p_waic	15.675756290273588	4.681601675973693	none	medium
waic	238.43954315962705	25.09330702387054	none	medium
