diff_poisson_abs	diff_poisson	control	group
1.181366153846154	0.0020861538461538318	none	medium
