diff_poisson_abs	diff_poisson	control	group
0.5662642857142858	-0.003546428571428514	spatial	SBZR
