diff_poisson_abs	diff_poisson	control	group
0.9586767857142856	-0.004112500000000039	none	SBZR
