diff_poisson_abs	diff_poisson	control	group
0.4715428571428571	0.0010857142857142435	phylo	SBZR
